test_name,real_vulnerability,cwe,num_tools_agreeing,flagged_by_semgrep,flagged_by_sonar,cwe_historical_precision,message,ml_risk_score,ml_priority,file,line,llm_verdict,llm_cwe,llm_reason
BenchmarkTest00766,0,CWE-89,1,1,0,0.5746,Detected input from a HTTPServletRequest going into a SQL sink or statement. This could lead to SQL injection if variables in the SQL statement are not properly sanitized. Use parameterized SQL queries or properly sanitize user input instead.,0.6393503814415632,P3 - Medium (ML Moderate / Needs Review),data/benchmark/src/main/java/org/owasp/benchmark/testcode/BenchmarkTest00766.java,59,FP,NONE,"The constructed SQL query uses a constant string for the password, eliminating user‑controlled input and thus preventing SQL injection."
BenchmarkTest00117,0,CWE-643,1,1,0,0.5185,"Detected input from a HTTPServletRequest going into a XPath evaluate or compile command. This could lead to xpath injection if variables passed into the evaluate or compile commands are not properly sanitized. Xpath injection could lead to unauthorized access to sensitive information in XML documents. Instead, thoroughly sanitize user input or use parameterized xpath queries if you can.",0.4922262947505719,P3 - Medium (ML Moderate / Needs Review),data/benchmark/src/main/java/org/owasp/benchmark/testcode/BenchmarkTest00117.java,90,TP,643,"The user‑controlled variable `bar` is directly concatenated into the XPath query, allowing an attacker to inject malicious XPath and manipulate the query results."
BenchmarkTest01626,1,CWE-89,2,1,1,0.5746,Detected input from a HTTPServletRequest going into a SQL sink or statement. This could lead to SQL injection if variables in the SQL statement are not properly sanitized. Use parameterized SQL queries or properly sanitize user input instead.,0.6050253134234014,P3 - Medium (ML Moderate / Needs Review),data/benchmark/src/main/java/org/owasp/benchmark/testcode/BenchmarkTest01626.java,53,TP,89,"Untrusted input (`bar`) is concatenated directly into an SQL query using a plain Statement, enabling SQL injection."
BenchmarkTest01463,1,CWE-89,2,1,1,0.5746,Detected input from a HTTPServletRequest going into a SQL sink or statement. This could lead to SQL injection if variables in the SQL statement are not properly sanitized. Use parameterized SQL queries or properly sanitize user input instead.,0.6043967051102129,P3 - Medium (ML Moderate / Needs Review),data/benchmark/src/main/java/org/owasp/benchmark/testcode/BenchmarkTest01463.java,67,TP,89,"User‑controlled input (bar) is concatenated into a callable SQL string without sanitization or parameterization, enabling SQL injection."
BenchmarkTest01379,1,CWE-89,2,1,1,0.5746,Detected input from a HTTPServletRequest going into a SQL sink or statement. This could lead to SQL injection if variables in the SQL statement are not properly sanitized. Use parameterized SQL queries or properly sanitize user input instead.,0.6161353418384643,P3 - Medium (ML Moderate / Needs Review),data/benchmark/src/main/java/org/owasp/benchmark/testcode/BenchmarkTest01379.java,57,TP,89,"User‑controlled input (bar) is concatenated into a callable SQL string without sanitization or parameterization, enabling SQL injection."
BenchmarkTest00978,0,CWE-78,1,1,0,0.5177,"Detected input from a HTTPServletRequest going into a 'ProcessBuilder' or 'exec' command. This could lead to command injection if variables passed into the exec commands are not properly sanitized. Instead, avoid using these OS commands with user-supplied input, or, if you must use these commands, use a whitelist of specific values.",0.5444416118463504,P3 - Medium (ML Moderate / Needs Review),data/benchmark/src/main/java/org/owasp/benchmark/testcode/BenchmarkTest00978.java,89,TP,78,"User-controlled variable `bar` is concatenated into a command string passed to `Runtime.exec` via a shell (`-c`), enabling OS command injection."
BenchmarkTest00694,1,CWE-90,1,1,0,0.4815,"Detected input from a HTTPServletRequest going into an LDAP query. This could lead to LDAP injection if the input is not properly sanitized, which could result in attackers modifying objects in the LDAP tree structure. Ensure data passed to an LDAP query is not controllable or properly sanitize the data.",0.519750625119329,P3 - Medium (ML Moderate / Needs Review),data/benchmark/src/main/java/org/owasp/benchmark/testcode/BenchmarkTest00694.java,60,TP,CWE-90,"User‑controlled variable `bar` is concatenated directly into an LDAP search filter, enabling LDAP injection."
BenchmarkTest00568,1,CWE-78,1,1,0,0.5177,"Detected input from a HTTPServletRequest going into a 'ProcessBuilder' or 'exec' command. This could lead to command injection if variables passed into the exec commands are not properly sanitized. Instead, avoid using these OS commands with user-supplied input, or, if you must use these commands, use a whitelist of specific values.",0.5683792859920807,P3 - Medium (ML Moderate / Needs Review),data/benchmark/src/main/java/org/owasp/benchmark/testcode/BenchmarkTest00568.java,87,TP,78,"Unvalidated user‑controlled values (a1, a2, cmd, bar) are concatenated and passed directly to Runtime.exec, enabling an attacker to dictate the executed program or its arguments."
BenchmarkTest02286,1,CWE-89,2,1,1,0.5746,Detected input from a HTTPServletRequest going into a SQL sink or statement. This could lead to SQL injection if variables in the SQL statement are not properly sanitized. Use parameterized SQL queries or properly sanitize user input instead.,0.6043967051102129,P3 - Medium (ML Moderate / Needs Review),data/benchmark/src/main/java/org/owasp/benchmark/testcode/BenchmarkTest02286.java,55,TP,89,"User‑controlled data (via `param`/`bar`) is concatenated directly into an SQL statement without proper escaping or use of prepared statements, enabling SQL injection."
BenchmarkTest00191,0,CWE-89,2,1,1,0.5746,Detected input from a HTTPServletRequest going into a SQL sink or statement. This could lead to SQL injection if variables in the SQL statement are not properly sanitized. Use parameterized SQL queries or properly sanitize user input instead.,0.6043967051102129,P3 - Medium (ML Moderate / Needs Review),data/benchmark/src/main/java/org/owasp/benchmark/testcode/BenchmarkTest00191.java,77,TP,89,"The code concatenates the variable `bar` directly into a callable SQL statement (`""{call "" + bar + ""}""`) without validation or parameterization, allowing an attacker to inject malicious SQL."
BenchmarkTest00159,1,CWE-78,1,1,0,0.5177,"Detected input from a HTTPServletRequest going into a 'ProcessBuilder' or 'exec' command. This could lead to command injection if variables passed into the exec commands are not properly sanitized. Instead, avoid using these OS commands with user-supplied input, or, if you must use these commands, use a whitelist of specific values.",0.5752195073482003,P3 - Medium (ML Moderate / Needs Review),data/benchmark/src/main/java/org/owasp/benchmark/testcode/BenchmarkTest00159.java,67,TP,CWE-78,"User‑controlled input (bar) is concatenated into a command string passed to a shell via ProcessBuilder, allowing command injection."
BenchmarkTest00601,0,CWE-89,2,1,1,0.5746,Detected input from a HTTPServletRequest going into a SQL sink or statement. This could lead to SQL injection if variables in the SQL statement are not properly sanitized. Use parameterized SQL queries or properly sanitize user input instead.,0.6043967051102129,P3 - Medium (ML Moderate / Needs Review),data/benchmark/src/main/java/org/owasp/benchmark/testcode/BenchmarkTest00601.java,70,FP,NONE,"The SQL query concatenates only a constant string (the condition always evaluates true), so no user-controlled input reaches the database, eliminating injection risk."
BenchmarkTest01349,1,CWE-79,1,1,0,0.6516,"Detected a request with potential user-input going into a OutputStream or Writer object. This bypasses any view or template environments, including HTML escaping, which may expose this application to cross-site scripting (XSS) vulnerabilities. Consider using a view technology such as JavaServer Faces (JSFs) which automatically escapes HTML views.",0.6447716715602264,P3 - Medium (ML Moderate / Needs Review),data/benchmark/src/main/java/org/owasp/benchmark/testcode/BenchmarkTest01349.java,53,TP,79,"User‑controlled input (param) is reflected in the HTTP response without encoding while the X‑XSS‑Protection header is disabled, enabling reflected XSS."
BenchmarkTest01402,0,CWE-90,1,1,0,0.4815,"Detected input from a HTTPServletRequest going into an LDAP query. This could lead to LDAP injection if the input is not properly sanitized, which could result in attackers modifying objects in the LDAP tree structure. Ensure data passed to an LDAP query is not controllable or properly sanitize the data.",0.519750625119329,P3 - Medium (ML Moderate / Needs Review),data/benchmark/src/main/java/org/owasp/benchmark/testcode/BenchmarkTest01402.java,73,TP,CWE-90,"The code concatenates the untrusted variable `bar` directly into an LDAP filter string, enabling LDAP injection attacks."
BenchmarkTest02664,0,CWE-22,1,1,0,0.531,"Detected a potential path traversal. A malicious actor could control the location of this file, to include going backwards in the directory with '../'. To address this, ensure that user-controlled variables in file paths are sanitized. You may also consider using a utility method such as org.apache.commons.io.FilenameUtils.getName(...) to only retrieve the file name from the path.",0.5305215095490278,P3 - Medium (ML Moderate / Needs Review),data/benchmark/src/main/java/org/owasp/benchmark/testcode/BenchmarkTest02664.java,49,FP,NONE,"The snippet only constructs a File object from a derived path and HTML‑encodes its string for output, without performing any insecure file operations or exposing unencoded user data."
BenchmarkTest00132,0,CWE-22,1,1,0,0.531,"Detected a potential path traversal. A malicious actor could control the location of this file, to include going backwards in the directory with '../'. To address this, ensure that user-controlled variables in file paths are sanitized. You may also consider using a utility method such as org.apache.commons.io.FilenameUtils.getName(...) to only retrieve the file name from the path.",0.5394645256012154,P3 - Medium (ML Moderate / Needs Review),data/benchmark/src/main/java/org/owasp/benchmark/testcode/BenchmarkTest00132.java,77,TP,22,"The code concatenates unvalidated user‑controlled input (`bar`) to a directory path and opens it directly, enabling path‑traversal attacks to read arbitrary files."
BenchmarkTest01260,1,CWE-79,1,1,0,0.6516,"Detected a request with potential user-input going into a OutputStream or Writer object. This bypasses any view or template environments, including HTML escaping, which may expose this application to cross-site scripting (XSS) vulnerabilities. Consider using a view technology such as JavaServer Faces (JSFs) which automatically escapes HTML views.",0.6221848022643229,P3 - Medium (ML Moderate / Needs Review),data/benchmark/src/main/java/org/owasp/benchmark/testcode/BenchmarkTest01260.java,50,FP,NONE,"The request parameter is not incorporated into the response (bar is set to a constant empty string), so no exploitable injection occurs."
BenchmarkTest02281,1,CWE-89,1,1,0,0.5746,Detected input from a HTTPServletRequest going into a SQL sink or statement. This could lead to SQL injection if variables in the SQL statement are not properly sanitized. Use parameterized SQL queries or properly sanitize user input instead.,0.6314792486337455,P3 - Medium (ML Moderate / Needs Review),data/benchmark/src/main/java/org/owasp/benchmark/testcode/BenchmarkTest02281.java,55,TP,89,"User‑controlled data (via `param` → `bar`) is concatenated directly into an SQL statement without validation or parameterization, enabling SQL injection."
BenchmarkTest01361,1,CWE-78,1,1,0,0.5177,"Detected input from a HTTPServletRequest going into a 'ProcessBuilder' or 'exec' command. This could lead to command injection if variables passed into the exec commands are not properly sanitized. Instead, avoid using these OS commands with user-supplied input, or, if you must use these commands, use a whitelist of specific values.",0.5089059229256337,P3 - Medium (ML Moderate / Needs Review),data/benchmark/src/main/java/org/owasp/benchmark/testcode/BenchmarkTest01361.java,61,TP,78,"The code executes a command string obtained from `Utils.getInsecureOSCommandString` directly via `Runtime.exec` without validation, allowing an attacker to control the executed OS command."
BenchmarkTest02433,1,CWE-78,1,1,0,0.5177,"Detected input from a HTTPServletRequest going into a 'ProcessBuilder' or 'exec' command. This could lead to command injection if variables passed into the exec commands are not properly sanitized. Instead, avoid using these OS commands with user-supplied input, or, if you must use these commands, use a whitelist of specific values.",0.5114755110284748,P3 - Medium (ML Moderate / Needs Review),data/benchmark/src/main/java/org/owasp/benchmark/testcode/BenchmarkTest02433.java,73,TP,CWE-78,"Unvalidated input (e.g., `cmd` or `bar`) is concatenated into the command array passed to `Runtime.exec`, enabling OS command injection."
BenchmarkTest01632,0,CWE-643,1,1,0,0.5185,"Detected input from a HTTPServletRequest going into a XPath evaluate or compile command. This could lead to xpath injection if variables passed into the evaluate or compile commands are not properly sanitized. Xpath injection could lead to unauthorized access to sensitive information in XML documents. Instead, thoroughly sanitize user input or use parameterized xpath queries if you can.",0.5218271178138495,P3 - Medium (ML Moderate / Needs Review),data/benchmark/src/main/java/org/owasp/benchmark/testcode/BenchmarkTest01632.java,67,TP,643,"The code concatenates the untrusted variable `bar` directly into an XPath expression, enabling XPath Injection attacks."
BenchmarkTest00027,1,CWE-89,2,1,1,0.5746,Detected input from a HTTPServletRequest going into a SQL sink or statement. This could lead to SQL injection if variables in the SQL statement are not properly sanitized. Use parameterized SQL queries or properly sanitize user input instead.,0.6043967051102129,P3 - Medium (ML Moderate / Needs Review),data/benchmark/src/main/java/org/owasp/benchmark/testcode/BenchmarkTest00027.java,50,TP,89,"User input (`param`) is concatenated directly into an SQL statement without sanitization or parameterization, enabling SQL injection attacks."
BenchmarkTest01064,1,CWE-78,1,1,0,0.5177,"Detected input from a HTTPServletRequest going into a 'ProcessBuilder' or 'exec' command. This could lead to command injection if variables passed into the exec commands are not properly sanitized. Instead, avoid using these OS commands with user-supplied input, or, if you must use these commands, use a whitelist of specific values.",0.5089059229256337,P3 - Medium (ML Moderate / Needs Review),data/benchmark/src/main/java/org/owasp/benchmark/testcode/BenchmarkTest01064.java,62,TP,78,"The code concatenates the potentially attacker‑controlled variable `bar` to a command string and executes it with `Runtime.exec`, enabling OS command injection."
BenchmarkTest02287,1,CWE-89,2,1,1,0.5746,Detected input from a HTTPServletRequest going into a SQL sink or statement. This could lead to SQL injection if variables in the SQL statement are not properly sanitized. Use parameterized SQL queries or properly sanitize user input instead.,0.6221370751503495,P3 - Medium (ML Moderate / Needs Review),data/benchmark/src/main/java/org/owasp/benchmark/testcode/BenchmarkTest02287.java,55,TP,89,"Untrusted input (`bar`) is concatenated directly into an SQL statement without sanitization or parameterization, enabling SQL injection."
BenchmarkTest01940,1,CWE-78,1,1,0,0.5177,"Detected input from a HTTPServletRequest going into a 'ProcessBuilder' or 'exec' command. This could lead to command injection if variables passed into the exec commands are not properly sanitized. Instead, avoid using these OS commands with user-supplied input, or, if you must use these commands, use a whitelist of specific values.",0.5752195073482003,P3 - Medium (ML Moderate / Needs Review),data/benchmark/src/main/java/org/owasp/benchmark/testcode/BenchmarkTest01940.java,63,TP,78,"The code concatenates the potentially user‑controlled variable `bar` into a command string that is executed with `Runtime.exec`, enabling OS command injection."
BenchmarkTest01032,1,CWE-22,1,1,0,0.531,"Detected a potential path traversal. A malicious actor could control the location of this file, to include going backwards in the directory with '../'. To address this, ensure that user-controlled variables in file paths are sanitized. You may also consider using a utility method such as org.apache.commons.io.FilenameUtils.getName(...) to only retrieve the file name from the path.",0.5372346090670375,P3 - Medium (ML Moderate / Needs Review),data/benchmark/src/main/java/org/owasp/benchmark/testcode/BenchmarkTest01032.java,59,TP,22,"The code concatenates a potentially user‑controlled value (`bar`) to a directory path and opens it for writing without validation, enabling path traversal to write arbitrary files."
BenchmarkTest01330,1,CWE-22,1,1,0,0.531,"Detected a potential path traversal. A malicious actor could control the location of this file, to include going backwards in the directory with '../'. To address this, ensure that user-controlled variables in file paths are sanitized. You may also consider using a utility method such as org.apache.commons.io.FilenameUtils.getName(...) to only retrieve the file name from the path.",0.5372346090670375,P3 - Medium (ML Moderate / Needs Review),data/benchmark/src/main/java/org/owasp/benchmark/testcode/BenchmarkTest01330.java,58,TP,22,"User‑controlled input (bar) is concatenated to a directory path and used to create a FileOutputStream without validation, enabling path traversal and arbitrary file write."
BenchmarkTest01922,1,CWE-79,1,1,0,0.6516,"Detected a request with potential user-input going into a OutputStream or Writer object. This bypasses any view or template environments, including HTML escaping, which may expose this application to cross-site scripting (XSS) vulnerabilities. Consider using a view technology such as JavaServer Faces (JSFs) which automatically escapes HTML views.",0.6447716715602264,P3 - Medium (ML Moderate / Needs Review),data/benchmark/src/main/java/org/owasp/benchmark/testcode/BenchmarkTest01922.java,55,TP,79,"The user‑controlled `bar` value is written directly to the HTTP response via `printf` without sanitization, enabling reflected XSS, and the response also disables the browser’s XSS protection."
BenchmarkTest00598,1,CWE-89,1,1,0,0.5746,Detected input from a HTTPServletRequest going into a SQL sink or statement. This could lead to SQL injection if variables in the SQL statement are not properly sanitized. Use parameterized SQL queries or properly sanitize user input instead.,0.6382802301796155,P3 - Medium (ML Moderate / Needs Review),data/benchmark/src/main/java/org/owasp/benchmark/testcode/BenchmarkTest00598.java,72,TP,89,"The code concatenates the user‑controlled variable `bar` directly into an SQL query string, enabling SQL injection."
BenchmarkTest02130,1,CWE-79,1,1,0,0.6516,"Detected a request with potential user-input going into a OutputStream or Writer object. This bypasses any view or template environments, including HTML escaping, which may expose this application to cross-site scripting (XSS) vulnerabilities. Consider using a view technology such as JavaServer Faces (JSFs) which automatically escapes HTML views.",0.6447716715602264,P3 - Medium (ML Moderate / Needs Review),data/benchmark/src/main/java/org/owasp/benchmark/testcode/BenchmarkTest02130.java,50,TP,79,"The request parameter is reflected in the HTTP response without any encoding or sanitization, and the X‑XSS‑Protection header is disabled, enabling a reflected XSS attack."
BenchmarkTest00622,0,CWE-22,1,1,0,0.531,"Detected a potential path traversal. A malicious actor could control the location of this file, to include going backwards in the directory with '../'. To address this, ensure that user-controlled variables in file paths are sanitized. You may also consider using a utility method such as org.apache.commons.io.FilenameUtils.getName(...) to only retrieve the file name from the path.",0.5372346090670375,P3 - Medium (ML Moderate / Needs Review),data/benchmark/src/main/java/org/owasp/benchmark/testcode/BenchmarkTest00622.java,69,TP,22,"The code uses the unvalidated `param` value directly as a file name (`new File(TESTFILES_DIR, bar)`) when the switch case matches `'D'`, enabling path‑traversal attacks."
BenchmarkTest02046,1,CWE-79,1,1,0,0.6516,"Detected a request with potential user-input going into a OutputStream or Writer object. This bypasses any view or template environments, including HTML escaping, which may expose this application to cross-site scripting (XSS) vulnerabilities. Consider using a view technology such as JavaServer Faces (JSFs) which automatically escapes HTML views.",0.6447716715602264,P3 - Medium (ML Moderate / Needs Review),data/benchmark/src/main/java/org/owasp/benchmark/testcode/BenchmarkTest02046.java,56,FP,NONE,"The response only outputs a constant string (""safe!"") and does not incorporate the decoded request parameter, so no exploitable injection or XSS occurs."
BenchmarkTest01964,1,CWE-89,1,1,0,0.5746,Detected input from a HTTPServletRequest going into a SQL sink or statement. This could lead to SQL injection if variables in the SQL statement are not properly sanitized. Use parameterized SQL queries or properly sanitize user input instead.,0.63810138505586,P3 - Medium (ML Moderate / Needs Review),data/benchmark/src/main/java/org/owasp/benchmark/testcode/BenchmarkTest01964.java,55,TP,89,"User‑controlled input (param) is decoded and concatenated into an SQL query without sanitization or parameterization, enabling SQL injection."
BenchmarkTest01568,1,CWE-90,1,1,0,0.4815,"Detected input from a HTTPServletRequest going into an LDAP query. This could lead to LDAP injection if the input is not properly sanitized, which could result in attackers modifying objects in the LDAP tree structure. Ensure data passed to an LDAP query is not controllable or properly sanitize the data.",0.4960361627169889,P3 - Medium (ML Moderate / Needs Review),data/benchmark/src/main/java/org/owasp/benchmark/testcode/BenchmarkTest01568.java,60,TP,CWE-90,"The user‑controlled variable `bar` is concatenated directly into the LDAP search filter without validation or escaping, enabling LDAP injection attacks."
BenchmarkTest00280,1,CWE-79,1,1,0,0.6516,"Detected a request with potential user-input going into a OutputStream or Writer object. This bypasses any view or template environments, including HTML escaping, which may expose this application to cross-site scripting (XSS) vulnerabilities. Consider using a view technology such as JavaServer Faces (JSFs) which automatically escapes HTML views.",0.6221848022643229,P3 - Medium (ML Moderate / Needs Review),data/benchmark/src/main/java/org/owasp/benchmark/testcode/BenchmarkTest00280.java,75,TP,CWE-79,"User‑controlled `param` is written directly to the HTTP response without encoding or validation, and the X‑XSS‑Protection header is disabled, enabling reflected XSS."
BenchmarkTest02493,1,CWE-79,1,1,0,0.6516,"Detected a request with potential user-input going into a OutputStream or Writer object. This bypasses any view or template environments, including HTML escaping, which may expose this application to cross-site scripting (XSS) vulnerabilities. Consider using a view technology such as JavaServer Faces (JSFs) which automatically escapes HTML views.",0.6447716715602264,P3 - Medium (ML Moderate / Needs Review),data/benchmark/src/main/java/org/owasp/benchmark/testcode/BenchmarkTest02493.java,54,FP,NONE,"The response writes a constant string and does not incorporate user input, so no exploitable vulnerability is present."
BenchmarkTest00851,0,CWE-89,2,1,1,0.5746,Detected input from a HTTPServletRequest going into a SQL sink or statement. This could lead to SQL injection if variables in the SQL statement are not properly sanitized. Use parameterized SQL queries or properly sanitize user input instead.,0.6161353418384643,P3 - Medium (ML Moderate / Needs Review),data/benchmark/src/main/java/org/owasp/benchmark/testcode/BenchmarkTest00851.java,80,FP,NONE,"The SQL statement concatenates only a constant string, never user‑controlled input, so no injection or other exploitable flaw exists."
BenchmarkTest02125,0,CWE-79,1,1,0,0.6516,"Detected a request with potential user-input going into a OutputStream or Writer object. This bypasses any view or template environments, including HTML escaping, which may expose this application to cross-site scripting (XSS) vulnerabilities. Consider using a view technology such as JavaServer Faces (JSFs) which automatically escapes HTML views.",0.6447716715602264,P3 - Medium (ML Moderate / Needs Review),data/benchmark/src/main/java/org/owasp/benchmark/testcode/BenchmarkTest02125.java,49,FP,NONE,"The user‑controlled input is HTML‑encoded with ESAPI before being written to the response, preventing injection attacks."
BenchmarkTest00514,0,CWE-89,2,1,1,0.5746,Detected a formatted string in a SQL statement. This could lead to SQL injection if variables in the SQL statement are not properly sanitized. Use a prepared statements (java.sql.PreparedStatement) instead. You can obtain a PreparedStatement using 'connection.prepareStatement'.,0.490638252758374,P3 - Medium (ML Moderate / Needs Review),data/benchmark/src/main/java/org/owasp/benchmark/testcode/BenchmarkTest00514.java,62,TP,89,"When `num` ≤ 74 the code uses the user‑controlled `param` directly in the SQL string, allowing SQL injection."
BenchmarkTest01717,0,CWE-89,2,1,1,0.5746,Detected input from a HTTPServletRequest going into a SQL sink or statement. This could lead to SQL injection if variables in the SQL statement are not properly sanitized. Use parameterized SQL queries or properly sanitize user input instead.,0.6221370751503495,P3 - Medium (ML Moderate / Needs Review),data/benchmark/src/main/java/org/owasp/benchmark/testcode/BenchmarkTest01717.java,77,TP,89,"Untrusted input `bar` is concatenated directly into the SQL query, enabling SQL injection despite using a PreparedStatement for the other parameter."
BenchmarkTest02056,1,CWE-79,1,1,0,0.6516,"Detected a request with potential user-input going into a OutputStream or Writer object. This bypasses any view or template environments, including HTML escaping, which may expose this application to cross-site scripting (XSS) vulnerabilities. Consider using a view technology such as JavaServer Faces (JSFs) which automatically escapes HTML views.",0.6447716715602264,P3 - Medium (ML Moderate / Needs Review),data/benchmark/src/main/java/org/owasp/benchmark/testcode/BenchmarkTest02056.java,56,FP,NONE,"The code does not incorporate user‑controlled input into the response body, and no insecure operations are performed."
BenchmarkTest01231,1,CWE-22,1,1,0,0.531,"Detected a potential path traversal. A malicious actor could control the location of this file, to include going backwards in the directory with '../'. To address this, ensure that user-controlled variables in file paths are sanitized. You may also consider using a utility method such as org.apache.commons.io.FilenameUtils.getName(...) to only retrieve the file name from the path.",0.5402428179282152,P3 - Medium (ML Moderate / Needs Review),data/benchmark/src/main/java/org/owasp/benchmark/testcode/BenchmarkTest01231.java,48,TP,22,"User‑controlled input (the request parameter) is concatenated to a base directory path without validation, enabling directory traversal attacks."
BenchmarkTest00453,1,CWE-22,1,1,0,0.531,"Detected a potential path traversal. A malicious actor could control the location of this file, to include going backwards in the directory with '../'. To address this, ensure that user-controlled variables in file paths are sanitized. You may also consider using a utility method such as org.apache.commons.io.FilenameUtils.getName(...) to only retrieve the file name from the path.",0.5349061735858125,P3 - Medium (ML Moderate / Needs Review),data/benchmark/src/main/java/org/owasp/benchmark/testcode/BenchmarkTest00453.java,79,FP,NONE,"The code only constructs a file path and HTML‑encodes it before printing, without performing any privileged file operations, so no exploitable security flaw is present."
BenchmarkTest00295,1,CWE-78,1,1,0,0.5177,"Detected input from a HTTPServletRequest going into a 'ProcessBuilder' or 'exec' command. This could lead to command injection if variables passed into the exec commands are not properly sanitized. Instead, avoid using these OS commands with user-supplied input, or, if you must use these commands, use a whitelist of specific values.",0.5089059229256337,P3 - Medium (ML Moderate / Needs Review),data/benchmark/src/main/java/org/owasp/benchmark/testcode/BenchmarkTest00295.java,72,TP,CWE-78,"User‑controlled input (bar) is concatenated into a command string passed to a shell via ProcessBuilder, allowing command injection."
BenchmarkTest01388,1,CWE-89,1,1,0,0.5746,Detected input from a HTTPServletRequest going into a SQL sink or statement. This could lead to SQL injection if variables in the SQL statement are not properly sanitized. Use parameterized SQL queries or properly sanitize user input instead.,0.63810138505586,P3 - Medium (ML Moderate / Needs Review),data/benchmark/src/main/java/org/owasp/benchmark/testcode/BenchmarkTest01388.java,57,TP,89,"Untrusted input (`bar`) is concatenated directly into the SQL query string, enabling SQL injection."
BenchmarkTest01691,1,CWE-78,1,1,0,0.5177,"Detected input from a HTTPServletRequest going into a 'ProcessBuilder' or 'exec' command. This could lead to command injection if variables passed into the exec commands are not properly sanitized. Instead, avoid using these OS commands with user-supplied input, or, if you must use these commands, use a whitelist of specific values.",0.5752195073482003,P3 - Medium (ML Moderate / Needs Review),data/benchmark/src/main/java/org/owasp/benchmark/testcode/BenchmarkTest01691.java,80,TP,78,"An OS command string is obtained from a helper method that likely incorporates untrusted input and is executed directly with Runtime.exec without validation, enabling command injection."
BenchmarkTest00516,1,CWE-89,2,1,1,0.5746,Detected a formatted string in a SQL statement. This could lead to SQL injection if variables in the SQL statement are not properly sanitized. Use a prepared statements (java.sql.PreparedStatement) instead. You can obtain a PreparedStatement using 'connection.prepareStatement'.,0.5278626301234679,P3 - Medium (ML Moderate / Needs Review),data/benchmark/src/main/java/org/owasp/benchmark/testcode/BenchmarkTest00516.java,76,TP,89,"The code concatenates the untrusted variable `bar` directly into an SQL query string and executes it with a plain `Statement`, enabling SQL injection."
BenchmarkTest00680,0,CWE-89,2,1,1,0.5746,Detected a formatted string in a SQL statement. This could lead to SQL injection if variables in the SQL statement are not properly sanitized. Use a prepared statements (java.sql.PreparedStatement) instead. You can obtain a PreparedStatement using 'connection.prepareStatement'.,0.5476500971406442,P3 - Medium (ML Moderate / Needs Review),data/benchmark/src/main/java/org/owasp/benchmark/testcode/BenchmarkTest00680.java,61,TP,89,"The code concatenates the value of `bar`—which can originate from untrusted input—directly into an SQL query using a plain `Statement`, enabling SQL injection."
BenchmarkTest02467,0,CWE-22,1,1,0,0.531,"Detected a potential path traversal. A malicious actor could control the location of this file, to include going backwards in the directory with '../'. To address this, ensure that user-controlled variables in file paths are sanitized. You may also consider using a utility method such as org.apache.commons.io.FilenameUtils.getName(...) to only retrieve the file name from the path.",0.5372346090670375,P3 - Medium (ML Moderate / Needs Review),data/benchmark/src/main/java/org/owasp/benchmark/testcode/BenchmarkTest02467.java,55,TP,22,"The code concatenates unvalidated user‑controlled input (`bar`) to a directory path and opens it directly, enabling path‑traversal attacks that can read arbitrary files."
BenchmarkTest02070,1,CWE-78,1,1,0,0.5177,"Detected input from a HTTPServletRequest going into a 'ProcessBuilder' or 'exec' command. This could lead to command injection if variables passed into the exec commands are not properly sanitized. Instead, avoid using these OS commands with user-supplied input, or, if you must use these commands, use a whitelist of specific values.",0.5114755110284748,P3 - Medium (ML Moderate / Needs Review),data/benchmark/src/main/java/org/owasp/benchmark/testcode/BenchmarkTest02070.java,61,TP,78,"An attacker‑controlled value (`bar`) from the request is placed in the environment array passed to `Runtime.exec`, enabling command/environment injection that can alter the behavior of the executed OS command."
BenchmarkTest01085,0,CWE-89,1,1,0,0.5746,Detected input from a HTTPServletRequest going into a SQL sink or statement. This could lead to SQL injection if variables in the SQL statement are not properly sanitized. Use parameterized SQL queries or properly sanitize user input instead.,0.6371570818030259,P3 - Medium (ML Moderate / Needs Review),data/benchmark/src/main/java/org/owasp/benchmark/testcode/BenchmarkTest01085.java,56,TP,89,"Untrusted input (`bar`) is concatenated directly into an SQL statement and executed without parameterization, enabling SQL injection."
BenchmarkTest02097,0,CWE-89,2,1,1,0.5746,Detected input from a HTTPServletRequest going into a SQL sink or statement. This could lead to SQL injection if variables in the SQL statement are not properly sanitized. Use parameterized SQL queries or properly sanitize user input instead.,0.6315115188114625,P3 - Medium (ML Moderate / Needs Review),data/benchmark/src/main/java/org/owasp/benchmark/testcode/BenchmarkTest02097.java,58,TP,89,"User-controlled input (bar) is concatenated directly into an SQL query without sanitization, enabling SQL injection."
BenchmarkTest02029,0,CWE-22,1,1,0,0.531,"Detected a potential path traversal. A malicious actor could control the location of this file, to include going backwards in the directory with '../'. To address this, ensure that user-controlled variables in file paths are sanitized. You may also consider using a utility method such as org.apache.commons.io.FilenameUtils.getName(...) to only retrieve the file name from the path.",0.5372346090670375,P3 - Medium (ML Moderate / Needs Review),data/benchmark/src/main/java/org/owasp/benchmark/testcode/BenchmarkTest02029.java,55,TP,22,"An attacker‑controlled header value is URL‑decoded and used directly to build a java.io.File path without validation, enabling directory traversal attacks."
BenchmarkTest01310,0,CWE-89,2,1,1,0.5746,Detected a formatted string in a SQL statement. This could lead to SQL injection if variables in the SQL statement are not properly sanitized. Use a prepared statements (java.sql.PreparedStatement) instead. You can obtain a PreparedStatement using 'connection.prepareStatement'.,0.5476500971406442,P3 - Medium (ML Moderate / Needs Review),data/benchmark/src/main/java/org/owasp/benchmark/testcode/BenchmarkTest01310.java,53,TP,89,"The value `bar` (derived from request parameters) is concatenated directly into the SQL statement without any sanitization or use of prepared statements, allowing an attacker to inject arbitrary SQL."
BenchmarkTest01573,0,CWE-22,1,1,0,0.531,"Detected a potential path traversal. A malicious actor could control the location of this file, to include going backwards in the directory with '../'. To address this, ensure that user-controlled variables in file paths are sanitized. You may also consider using a utility method such as org.apache.commons.io.FilenameUtils.getName(...) to only retrieve the file name from the path.",0.5402428179282152,P3 - Medium (ML Moderate / Needs Review),data/benchmark/src/main/java/org/owasp/benchmark/testcode/BenchmarkTest01573.java,55,TP,CWE-22,"The value returned by `new Test().doSomething(request, param)` is concatenated to a directory path and used directly in `FileInputStream` without validation, enabling path traversal to read arbitrary files."
BenchmarkTest00459,1,CWE-22,1,1,0,0.531,"Detected a potential path traversal. A malicious actor could control the location of this file, to include going backwards in the directory with '../'. To address this, ensure that user-controlled variables in file paths are sanitized. You may also consider using a utility method such as org.apache.commons.io.FilenameUtils.getName(...) to only retrieve the file name from the path.",0.5305215095490278,P3 - Medium (ML Moderate / Needs Review),data/benchmark/src/main/java/org/owasp/benchmark/testcode/BenchmarkTest00459.java,65,TP,22,"The code concatenates an unvalidated variable (`bar`) to a directory path and opens a `FileOutputStream` on it, allowing an attacker to perform path traversal and write arbitrary files."
BenchmarkTest01112,1,CWE-22,1,1,0,0.531,"Detected a potential path traversal. A malicious actor could control the location of this file, to include going backwards in the directory with '../'. To address this, ensure that user-controlled variables in file paths are sanitized. You may also consider using a utility method such as org.apache.commons.io.FilenameUtils.getName(...) to only retrieve the file name from the path.",0.5305215095490278,P3 - Medium (ML Moderate / Needs Review),data/benchmark/src/main/java/org/owasp/benchmark/testcode/BenchmarkTest01112.java,68,TP,22,"The code concatenates unvalidated user‑controlled input (`bar`) to a directory path and opens it with `FileInputStream`, enabling path‑traversal attacks to read arbitrary files."
BenchmarkTest01086,0,CWE-89,1,1,0,0.5746,Detected input from a HTTPServletRequest going into a SQL sink or statement. This could lead to SQL injection if variables in the SQL statement are not properly sanitized. Use parameterized SQL queries or properly sanitize user input instead.,0.6314792486337455,P3 - Medium (ML Moderate / Needs Review),data/benchmark/src/main/java/org/owasp/benchmark/testcode/BenchmarkTest01086.java,56,TP,89,"User‑controlled input (`bar`) is concatenated directly into an SQL statement without proper parameterization or escaping, enabling SQL injection."
BenchmarkTest02513,0,CWE-78,1,1,0,0.5177,"Detected input from a HTTPServletRequest going into a 'ProcessBuilder' or 'exec' command. This could lead to command injection if variables passed into the exec commands are not properly sanitized. Instead, avoid using these OS commands with user-supplied input, or, if you must use these commands, use a whitelist of specific values.",0.5089059229256337,P3 - Medium (ML Moderate / Needs Review),data/benchmark/src/main/java/org/owasp/benchmark/testcode/BenchmarkTest02513.java,59,TP,78,"Executes an OS command built from an unvalidated source (`getInsecureOSCommandString`) via `Runtime.exec`, enabling command injection."
BenchmarkTest02127,1,CWE-79,1,1,0,0.6516,"Detected a request with potential user-input going into a OutputStream or Writer object. This bypasses any view or template environments, including HTML escaping, which may expose this application to cross-site scripting (XSS) vulnerabilities. Consider using a view technology such as JavaServer Faces (JSFs) which automatically escapes HTML views.",0.6221848022643229,P3 - Medium (ML Moderate / Needs Review),data/benchmark/src/main/java/org/owasp/benchmark/testcode/BenchmarkTest02127.java,49,TP,79,"User‑controlled input (the request parameter) is reflected in the HTML response without encoding, enabling reflected XSS."
BenchmarkTest01606,0,CWE-78,1,1,0,0.5177,"Detected input from a HTTPServletRequest going into a 'ProcessBuilder' or 'exec' command. This could lead to command injection if variables passed into the exec commands are not properly sanitized. Instead, avoid using these OS commands with user-supplied input, or, if you must use these commands, use a whitelist of specific values.",0.5114755110284748,P3 - Medium (ML Moderate / Needs Review),data/benchmark/src/main/java/org/owasp/benchmark/testcode/BenchmarkTest01606.java,59,TP,78,"Untrusted input (`bar`) is concatenated into the command string executed via `Runtime.exec`, allowing OS command injection."
BenchmarkTest01353,0,CWE-78,1,1,0,0.5177,"Detected input from a HTTPServletRequest going into a 'ProcessBuilder' or 'exec' command. This could lead to command injection if variables passed into the exec commands are not properly sanitized. Instead, avoid using these OS commands with user-supplied input, or, if you must use these commands, use a whitelist of specific values.",0.5683792859920807,P3 - Medium (ML Moderate / Needs Review),data/benchmark/src/main/java/org/owasp/benchmark/testcode/BenchmarkTest01353.java,62,TP,78,"Untrusted input `bar` is concatenated into a shell command string that is executed via `sh -c`/`cmd.exe /c`, enabling OS command injection."
BenchmarkTest01879,0,CWE-89,2,1,1,0.5746,Detected input from a HTTPServletRequest going into a SQL sink or statement. This could lead to SQL injection if variables in the SQL statement are not properly sanitized. Use parameterized SQL queries or properly sanitize user input instead.,0.6050253134234014,P3 - Medium (ML Moderate / Needs Review),data/benchmark/src/main/java/org/owasp/benchmark/testcode/BenchmarkTest01879.java,73,TP,89,"Untrusted input `bar` is concatenated directly into the SQL query string, enabling SQL injection despite using a PreparedStatement for the other parameter."
BenchmarkTest00361,0,CWE-22,1,1,0,0.531,"Detected a potential path traversal. A malicious actor could control the location of this file, to include going backwards in the directory with '../'. To address this, ensure that user-controlled variables in file paths are sanitized. You may also consider using a utility method such as org.apache.commons.io.FilenameUtils.getName(...) to only retrieve the file name from the path.",0.5402428179282152,P3 - Medium (ML Moderate / Needs Review),data/benchmark/src/main/java/org/owasp/benchmark/testcode/BenchmarkTest00361.java,72,TP,22,"The code concatenates unvalidated user input (`bar`) to a directory path and opens it directly, allowing path‑traversal attacks to read arbitrary files."
BenchmarkTest01391,1,CWE-89,2,1,1,0.5746,Detected input from a HTTPServletRequest going into a SQL sink or statement. This could lead to SQL injection if variables in the SQL statement are not properly sanitized. Use parameterized SQL queries or properly sanitize user input instead.,0.6315115188114625,P3 - Medium (ML Moderate / Needs Review),data/benchmark/src/main/java/org/owasp/benchmark/testcode/BenchmarkTest01391.java,55,TP,89,"User-controlled data (bar) is concatenated directly into an SQL query without proper sanitization or use of prepared statements, enabling SQL injection."
BenchmarkTest01831,1,CWE-90,1,1,0,0.4815,"Detected input from a HTTPServletRequest going into an LDAP query. This could lead to LDAP injection if the input is not properly sanitized, which could result in attackers modifying objects in the LDAP tree structure. Ensure data passed to an LDAP query is not controllable or properly sanitize the data.",0.4960361627169889,P3 - Medium (ML Moderate / Needs Review),data/benchmark/src/main/java/org/owasp/benchmark/testcode/BenchmarkTest01831.java,79,TP,CWE-90,"The code concatenates the untrusted variable `bar` directly into an LDAP filter string, enabling LDAP injection attacks."
BenchmarkTest02202,0,CWE-22,1,1,0,0.531,"Detected a potential path traversal. A malicious actor could control the location of this file, to include going backwards in the directory with '../'. To address this, ensure that user-controlled variables in file paths are sanitized. You may also consider using a utility method such as org.apache.commons.io.FilenameUtils.getName(...) to only retrieve the file name from the path.",0.5349061735858125,P3 - Medium (ML Moderate / Needs Review),data/benchmark/src/main/java/org/owasp/benchmark/testcode/BenchmarkTest02202.java,58,TP,22,"The code concatenates a potentially unvalidated request‑derived value (`bar`) to a directory path and opens it for writing, enabling path traversal attacks that can overwrite arbitrary files."
BenchmarkTest01583,1,CWE-79,1,1,0,0.6516,"Detected a request with potential user-input going into a OutputStream or Writer object. This bypasses any view or template environments, including HTML escaping, which may expose this application to cross-site scripting (XSS) vulnerabilities. Consider using a view technology such as JavaServer Faces (JSFs) which automatically escapes HTML views.",0.6221848022643229,P3 - Medium (ML Moderate / Needs Review),data/benchmark/src/main/java/org/owasp/benchmark/testcode/BenchmarkTest01583.java,54,TP,79,"Unescaped user-controlled data (`bar`) is inserted into the HTML response and the X‑XSS‑Protection header is disabled, creating a reflected XSS vulnerability."
BenchmarkTest00437,0,CWE-89,2,1,1,0.5746,Detected a formatted string in a SQL statement. This could lead to SQL injection if variables in the SQL statement are not properly sanitized. Use a prepared statements (java.sql.PreparedStatement) instead. You can obtain a PreparedStatement using 'connection.prepareStatement'.,0.5476500971406442,P3 - Medium (ML Moderate / Needs Review),data/benchmark/src/main/java/org/owasp/benchmark/testcode/BenchmarkTest00437.java,58,TP,89,"When the condition fails, the user‑controlled `param` is concatenated directly into the SQL statement, enabling SQL injection."
BenchmarkTest01313,1,CWE-89,2,1,1,0.5746,Detected input from a HTTPServletRequest going into a SQL sink or statement. This could lead to SQL injection if variables in the SQL statement are not properly sanitized. Use parameterized SQL queries or properly sanitize user input instead.,0.6043967051102129,P3 - Medium (ML Moderate / Needs Review),data/benchmark/src/main/java/org/owasp/benchmark/testcode/BenchmarkTest01313.java,51,TP,89,"User‑controlled input (via request parameter) is concatenated into an SQL statement and executed with a plain Statement, enabling SQL injection."
BenchmarkTest01819,0,CWE-89,2,1,1,0.5746,Detected a formatted string in a SQL statement. This could lead to SQL injection if variables in the SQL statement are not properly sanitized. Use a prepared statements (java.sql.PreparedStatement) instead. You can obtain a PreparedStatement using 'connection.prepareStatement'.,0.4901655263130386,P3 - Medium (ML Moderate / Needs Review),data/benchmark/src/main/java/org/owasp/benchmark/testcode/BenchmarkTest01819.java,54,TP,89,"The value `bar` (derived from request data) is concatenated directly into an SQL query without sanitization or prepared statements, allowing SQL injection."
BenchmarkTest01316,1,CWE-643,1,1,0,0.5185,"Detected input from a HTTPServletRequest going into a XPath evaluate or compile command. This could lead to xpath injection if variables passed into the evaluate or compile commands are not properly sanitized. Xpath injection could lead to unauthorized access to sensitive information in XML documents. Instead, thoroughly sanitize user input or use parameterized xpath queries if you can.",0.5218271178138495,P3 - Medium (ML Moderate / Needs Review),data/benchmark/src/main/java/org/owasp/benchmark/testcode/BenchmarkTest01316.java,63,TP,CWE-643,"Untrusted input (`bar`) is concatenated directly into an XPath expression, enabling XPath injection attacks."
BenchmarkTest02643,1,CWE-89,1,1,0,0.5746,Detected input from a HTTPServletRequest going into a SQL sink or statement. This could lead to SQL injection if variables in the SQL statement are not properly sanitized. Use parameterized SQL queries or properly sanitize user input instead.,0.6371570818030259,P3 - Medium (ML Moderate / Needs Review),data/benchmark/src/main/java/org/owasp/benchmark/testcode/BenchmarkTest02643.java,75,TP,89,"User‑controlled input (bar) is concatenated directly into an SQL query without proper parameterization, enabling SQL injection."
BenchmarkTest02184,0,CWE-89,1,1,0,0.5746,Detected input from a HTTPServletRequest going into a SQL sink or statement. This could lead to SQL injection if variables in the SQL statement are not properly sanitized. Use parameterized SQL queries or properly sanitize user input instead.,0.6393503814415632,P3 - Medium (ML Moderate / Needs Review),data/benchmark/src/main/java/org/owasp/benchmark/testcode/BenchmarkTest02184.java,50,TP,89,"User-controlled input (param) is concatenated directly into an SQL query without sanitization or parameterization, enabling SQL injection."
BenchmarkTest02492,0,CWE-79,1,1,0,0.6516,"Detected a request with potential user-input going into a OutputStream or Writer object. This bypasses any view or template environments, including HTML escaping, which may expose this application to cross-site scripting (XSS) vulnerabilities. Consider using a view technology such as JavaServer Faces (JSFs) which automatically escapes HTML views.",0.6447716715602264,P3 - Medium (ML Moderate / Needs Review),data/benchmark/src/main/java/org/owasp/benchmark/testcode/BenchmarkTest02492.java,51,FP,NONE,"The user input is HTML‑encoded before being reflected, and no other insecure processing occurs."
BenchmarkTest00997,1,CWE-89,2,1,1,0.5746,Detected input from a HTTPServletRequest going into a SQL sink or statement. This could lead to SQL injection if variables in the SQL statement are not properly sanitized. Use parameterized SQL queries or properly sanitize user input instead.,0.6050253134234014,P3 - Medium (ML Moderate / Needs Review),data/benchmark/src/main/java/org/owasp/benchmark/testcode/BenchmarkTest00997.java,74,TP,89,"User‑controlled data (`bar`) is concatenated into a callable SQL string without parameterization, enabling SQL injection attacks."
BenchmarkTest01569,0,CWE-90,1,1,0,0.4815,"Detected input from a HTTPServletRequest going into an LDAP query. This could lead to LDAP injection if the input is not properly sanitized, which could result in attackers modifying objects in the LDAP tree structure. Ensure data passed to an LDAP query is not controllable or properly sanitize the data.",0.5087973542492934,P3 - Medium (ML Moderate / Needs Review),data/benchmark/src/main/java/org/owasp/benchmark/testcode/BenchmarkTest01569.java,60,TP,CWE-90,"User‑controlled variable `bar` is concatenated directly into an LDAP search filter, enabling LDAP injection."
BenchmarkTest01467,0,CWE-89,1,1,0,0.5746,Detected input from a HTTPServletRequest going into a SQL sink or statement. This could lead to SQL injection if variables in the SQL statement are not properly sanitized. Use parameterized SQL queries or properly sanitize user input instead.,0.63810138505586,P3 - Medium (ML Moderate / Needs Review),data/benchmark/src/main/java/org/owasp/benchmark/testcode/BenchmarkTest01467.java,65,TP,89,"The code concatenates the untrusted variable `bar` directly into an SQL statement, enabling SQL injection."
BenchmarkTest01558,1,CWE-89,2,1,1,0.5746,Detected a formatted string in a SQL statement. This could lead to SQL injection if variables in the SQL statement are not properly sanitized. Use a prepared statements (java.sql.PreparedStatement) instead. You can obtain a PreparedStatement using 'connection.prepareStatement'.,0.46739305534568415,P3 - Medium (ML Moderate / Needs Review),data/benchmark/src/main/java/org/owasp/benchmark/testcode/BenchmarkTest01558.java,55,TP,89,"User‑controlled data (bar) is concatenated into a SQL query and executed via a plain Statement, enabling SQL injection."
BenchmarkTest02330,0,CWE-79,1,1,0,0.6516,"Detected a request with potential user-input going into a OutputStream or Writer object. This bypasses any view or template environments, including HTML escaping, which may expose this application to cross-site scripting (XSS) vulnerabilities. Consider using a view technology such as JavaServer Faces (JSFs) which automatically escapes HTML views.",0.6447716715602264,P3 - Medium (ML Moderate / Needs Review),data/benchmark/src/main/java/org/owasp/benchmark/testcode/BenchmarkTest02330.java,66,TP,79,"User‑controlled data (bar) is written directly to the HTTP response without encoding while X‑XSS‑Protection is disabled, enabling reflected XSS."
BenchmarkTest02198,1,CWE-22,1,1,0,0.531,"Detected a potential path traversal. A malicious actor could control the location of this file, to include going backwards in the directory with '../'. To address this, ensure that user-controlled variables in file paths are sanitized. You may also consider using a utility method such as org.apache.commons.io.FilenameUtils.getName(...) to only retrieve the file name from the path.",0.5394645256012154,P3 - Medium (ML Moderate / Needs Review),data/benchmark/src/main/java/org/owasp/benchmark/testcode/BenchmarkTest02198.java,52,TP,22,"The value derived from user‑controlled input (`param` → `bar`) is concatenated to a base directory to create a `File` object without any validation or canonicalization, allowing an attacker to perform path traversal."
BenchmarkTest02057,1,CWE-79,1,1,0,0.6516,"Detected a request with potential user-input going into a OutputStream or Writer object. This bypasses any view or template environments, including HTML escaping, which may expose this application to cross-site scripting (XSS) vulnerabilities. Consider using a view technology such as JavaServer Faces (JSFs) which automatically escapes HTML views.",0.6221848022643229,P3 - Medium (ML Moderate / Needs Review),data/benchmark/src/main/java/org/owasp/benchmark/testcode/BenchmarkTest02057.java,59,TP,79,"User‑controlled data (bar) is written directly to the HTTP response without encoding, and X‑XSS‑Protection is disabled, enabling reflected XSS."
BenchmarkTest00969,0,CWE-78,1,1,0,0.5177,"Detected input from a HTTPServletRequest going into a 'ProcessBuilder' or 'exec' command. This could lead to command injection if variables passed into the exec commands are not properly sanitized. Instead, avoid using these OS commands with user-supplied input, or, if you must use these commands, use a whitelist of specific values.",0.5114755110284748,P3 - Medium (ML Moderate / Needs Review),data/benchmark/src/main/java/org/owasp/benchmark/testcode/BenchmarkTest00969.java,78,TP,78,"Untrusted input `bar` is concatenated into a command string that is executed via a shell, enabling OS command injection."
BenchmarkTest02713,0,CWE-78,1,1,0,0.5177,"Detected input from a HTTPServletRequest going into a 'ProcessBuilder' or 'exec' command. This could lead to command injection if variables passed into the exec commands are not properly sanitized. Instead, avoid using these OS commands with user-supplied input, or, if you must use these commands, use a whitelist of specific values.",0.5752195073482003,P3 - Medium (ML Moderate / Needs Review),data/benchmark/src/main/java/org/owasp/benchmark/testcode/BenchmarkTest02713.java,58,TP,78,"Executes an OS command built from data returned by `Utils.getInsecureOSCommandString` without validation, allowing command injection."
BenchmarkTest02631,0,CWE-89,1,1,0,0.5746,Detected input from a HTTPServletRequest going into a SQL sink or statement. This could lead to SQL injection if variables in the SQL statement are not properly sanitized. Use parameterized SQL queries or properly sanitize user input instead.,0.6382802301796155,P3 - Medium (ML Moderate / Needs Review),data/benchmark/src/main/java/org/owasp/benchmark/testcode/BenchmarkTest02631.java,77,TP,89,"The `bar` value is concatenated into the SQL query without proper sanitization, enabling SQL injection despite using a PreparedStatement for the username placeholder."
BenchmarkTest00593,1,CWE-89,2,1,1,0.5746,Detected input from a HTTPServletRequest going into a SQL sink or statement. This could lead to SQL injection if variables in the SQL statement are not properly sanitized. Use parameterized SQL queries or properly sanitize user input instead.,0.6050253134234014,P3 - Medium (ML Moderate / Needs Review),data/benchmark/src/main/java/org/owasp/benchmark/testcode/BenchmarkTest00593.java,86,TP,89,"The password value (`bar`) is concatenated directly into the SQL query without proper parameterization, allowing SQL injection."
BenchmarkTest00306,1,CWE-78,1,1,0,0.5177,"Detected input from a HTTPServletRequest going into a 'ProcessBuilder' or 'exec' command. This could lead to command injection if variables passed into the exec commands are not properly sanitized. Instead, avoid using these OS commands with user-supplied input, or, if you must use these commands, use a whitelist of specific values.",0.5114755110284748,P3 - Medium (ML Moderate / Needs Review),data/benchmark/src/main/java/org/owasp/benchmark/testcode/BenchmarkTest00306.java,69,FP,NONE,"The code executes the command via Runtime.exec(String[]) which bypasses a shell, preventing command‑injection despite the command string originating from an insecure helper."
BenchmarkTest00762,1,CWE-89,2,1,1,0.5746,Detected input from a HTTPServletRequest going into a SQL sink or statement. This could lead to SQL injection if variables in the SQL statement are not properly sanitized. Use parameterized SQL queries or properly sanitize user input instead.,0.6221370751503495,P3 - Medium (ML Moderate / Needs Review),data/benchmark/src/main/java/org/owasp/benchmark/testcode/BenchmarkTest00762.java,60,TP,89,"User‑controlled `param` can be concatenated into the callable SQL string when `num` makes the condition true, enabling SQL injection."
BenchmarkTest01027,0,CWE-22,1,1,0,0.531,"Detected a potential path traversal. A malicious actor could control the location of this file, to include going backwards in the directory with '../'. To address this, ensure that user-controlled variables in file paths are sanitized. You may also consider using a utility method such as org.apache.commons.io.FilenameUtils.getName(...) to only retrieve the file name from the path.",0.5394645256012154,P3 - Medium (ML Moderate / Needs Review),data/benchmark/src/main/java/org/owasp/benchmark/testcode/BenchmarkTest01027.java,53,FP,NONE,"The user‑controlled header value is only URL‑decoded, passed through an unknown method, and then used to create a File object whose path is merely HTML‑encoded and printed—no file system or other privileged operation is performed, so no exploitable vulnerability exists in this snippet."
BenchmarkTest01065,0,CWE-78,1,1,0,0.5177,"Detected input from a HTTPServletRequest going into a 'ProcessBuilder' or 'exec' command. This could lead to command injection if variables passed into the exec commands are not properly sanitized. Instead, avoid using these OS commands with user-supplied input, or, if you must use these commands, use a whitelist of specific values.",0.5089059229256337,P3 - Medium (ML Moderate / Needs Review),data/benchmark/src/main/java/org/owasp/benchmark/testcode/BenchmarkTest01065.java,74,TP,78,"User‑controlled data (bar) is concatenated into a command string that is executed via `sh -c` (Runtime.exec with a shell), allowing command injection."
BenchmarkTest00431,1,CWE-89,1,1,0,0.5746,Detected input from a HTTPServletRequest going into a SQL sink or statement. This could lead to SQL injection if variables in the SQL statement are not properly sanitized. Use parameterized SQL queries or properly sanitize user input instead.,0.6393503814415632,P3 - Medium (ML Moderate / Needs Review),data/benchmark/src/main/java/org/owasp/benchmark/testcode/BenchmarkTest00431.java,55,TP,89,"The user‑controlled `param` value is assigned to `bar` and concatenated directly into the SQL statement, allowing SQL injection."
BenchmarkTest02150,1,CWE-78,1,1,0,0.5177,"Detected input from a HTTPServletRequest going into a 'ProcessBuilder' or 'exec' command. This could lead to command injection if variables passed into the exec commands are not properly sanitized. Instead, avoid using these OS commands with user-supplied input, or, if you must use these commands, use a whitelist of specific values.",0.5089059229256337,P3 - Medium (ML Moderate / Needs Review),data/benchmark/src/main/java/org/owasp/benchmark/testcode/BenchmarkTest02150.java,71,ERROR,NONE,API call failed after retries
BenchmarkTest02136,1,CWE-79,1,1,0,0.6516,"Detected a request with potential user-input going into a OutputStream or Writer object. This bypasses any view or template environments, including HTML escaping, which may expose this application to cross-site scripting (XSS) vulnerabilities. Consider using a view technology such as JavaServer Faces (JSFs) which automatically escapes HTML views.",0.6221848022643229,P3 - Medium (ML Moderate / Needs Review),data/benchmark/src/main/java/org/owasp/benchmark/testcode/BenchmarkTest02136.java,52,ERROR,NONE,API call failed after retries
BenchmarkTest02534,1,CWE-89,2,1,1,0.5746,Detected input from a HTTPServletRequest going into a SQL sink or statement. This could lead to SQL injection if variables in the SQL statement are not properly sanitized. Use parameterized SQL queries or properly sanitize user input instead.,0.6161353418384643,P3 - Medium (ML Moderate / Needs Review),data/benchmark/src/main/java/org/owasp/benchmark/testcode/BenchmarkTest02534.java,55,ERROR,NONE,API call failed after retries
BenchmarkTest01476,1,CWE-89,2,1,1,0.5746,Detected input from a HTTPServletRequest going into a SQL sink or statement. This could lead to SQL injection if variables in the SQL statement are not properly sanitized. Use parameterized SQL queries or properly sanitize user input instead.,0.6043967051102129,P3 - Medium (ML Moderate / Needs Review),data/benchmark/src/main/java/org/owasp/benchmark/testcode/BenchmarkTest01476.java,65,ERROR,NONE,API call failed after retries
BenchmarkTest00040,1,CWE-22,1,1,0,0.531,"Detected a potential path traversal. A malicious actor could control the location of this file, to include going backwards in the directory with '../'. To address this, ensure that user-controlled variables in file paths are sanitized. You may also consider using a utility method such as org.apache.commons.io.FilenameUtils.getName(...) to only retrieve the file name from the path.",0.5402428179282152,P3 - Medium (ML Moderate / Needs Review),data/benchmark/src/main/java/org/owasp/benchmark/testcode/BenchmarkTest00040.java,49,ERROR,NONE,API call failed after retries
BenchmarkTest00773,0,CWE-89,2,1,1,0.5746,Detected a formatted string in a SQL statement. This could lead to SQL injection if variables in the SQL statement are not properly sanitized. Use a prepared statements (java.sql.PreparedStatement) instead. You can obtain a PreparedStatement using 'connection.prepareStatement'.,0.5278626301234679,P3 - Medium (ML Moderate / Needs Review),data/benchmark/src/main/java/org/owasp/benchmark/testcode/BenchmarkTest00773.java,65,ERROR,NONE,API call failed after retries
BenchmarkTest01718,1,CWE-89,2,1,1,0.5746,Detected input from a HTTPServletRequest going into a SQL sink or statement. This could lead to SQL injection if variables in the SQL statement are not properly sanitized. Use parameterized SQL queries or properly sanitize user input instead.,0.6050253134234014,P3 - Medium (ML Moderate / Needs Review),data/benchmark/src/main/java/org/owasp/benchmark/testcode/BenchmarkTest01718.java,77,ERROR,NONE,API call failed after retries
BenchmarkTest02357,1,CWE-89,1,1,0,0.5746,Detected input from a HTTPServletRequest going into a SQL sink or statement. This could lead to SQL injection if variables in the SQL statement are not properly sanitized. Use parameterized SQL queries or properly sanitize user input instead.,0.6393503814415632,P3 - Medium (ML Moderate / Needs Review),data/benchmark/src/main/java/org/owasp/benchmark/testcode/BenchmarkTest02357.java,64,ERROR,NONE,API call failed after retries
BenchmarkTest01050,1,CWE-79,1,1,0,0.6516,"Detected a request with potential user-input going into a OutputStream or Writer object. This bypasses any view or template environments, including HTML escaping, which may expose this application to cross-site scripting (XSS) vulnerabilities. Consider using a view technology such as JavaServer Faces (JSFs) which automatically escapes HTML views.",0.6221848022643229,P3 - Medium (ML Moderate / Needs Review),data/benchmark/src/main/java/org/owasp/benchmark/testcode/BenchmarkTest01050.java,54,ERROR,NONE,API call failed after retries
